Game #,Rule-Based AI Avg Decision Time (ms),1SGS AI Avg Decision Time (ms),Timed Out
1,0.0217,0.0727,No
2,0.0000,0.0429,No
3,0.0111,0.0273,No
4,0.0000,0.0286,No
5,0.0000,0.0235,No
6,0.0000,0.0353,No
7,0.0000,0.0222,No
8,0.0033,0.0160,No
9,0.0000,0.0143,No
10,0.0000,0.0222,No
11,0.0000,0.0000,No
12,0.0000,0.0143,No
13,0.0111,0.0100,No
14,0.0000,0.0182,No
15,0.0059,0.0333,No
16,0.0000,0.0077,No
17,0.0125,0.0778,No
18,0.0000,0.0429,No
19,0.0000,0.0059,No
20,0.0000,0.0286,No
21,0.0111,0.0091,No
22,0.0000,0.0036,No
23,0.0000,0.0143,No
24,0.0000,0.0105,No
25,0.0048,0.0042,No
26,0.0000,0.0250,No
27,0.0000,0.0217,No
28,0.0000,0.0125,No
29,0.0000,0.0176,No
30,0.0000,0.0222,No
31,0.0000,0.0095,No
32,0.0050,0.0105,No
33,0.0000,0.0062,No
34,0.0000,0.0571,No
35,0.0000,0.0095,No
36,0.0000,0.0000,No
37,0.0000,0.0174,No
38,0.0056,0.0050,No
39,0.0053,0.0143,No
40,0.0000,0.0222,No
41,0.0000,0.0087,No
42,0.0000,0.0187,No
43,0.0000,0.0059,No
44,0.0000,0.0080,No
45,0.0000,0.0100,No
46,0.0000,0.0182,No
47,0.0000,0.0133,No
48,0.0000,0.0000,No
49,0.0048,0.0000,No
50,0.0000,0.0095,No
51,0.0000,0.0083,No
52,0.0043,0.0043,No
53,0.0000,0.0308,No
54,0.0100,0.0000,No
55,0.0200,0.0286,No
56,0.0000,0.0160,No
57,0.0000,0.0231,No
58,0.0000,0.0174,No
59,0.0000,0.0400,No
60,0.0000,0.0059,No
61,0.0000,0.0042,No
62,0.0045,0.0182,No
63,0.0000,0.0100,No
64,0.0000,0.0174,No
65,0.0000,0.0143,No
66,0.0000,0.0200,No
67,0.0000,0.0100,No
68,0.0000,0.0217,No
69,0.0000,0.0167,No
70,0.0000,0.0105,No
71,0.0000,0.0182,No
72,0.0091,0.0136,No
73,0.0000,0.0182,No
74,0.0059,0.0167,No
75,0.0000,0.0143,No
76,0.0071,0.0000,No
77,0.0059,0.0077,No
78,0.0000,0.0125,No
79,0.0000,0.0107,No
80,0.0000,0.0000,No
81,0.0000,0.0100,No
82,0.0000,0.0174,No
83,0.0063,0.0071,No
84,0.0000,0.0059,No
85,0.0040,0.0080,No
86,0.0000,0.0000,No
87,0.0048,0.0273,No
88,0.0000,0.0167,No
89,0.0000,0.0118,No
90,0.0042,0.0040,No
91,0.0000,0.0083,No
92,0.0000,0.0250,No
93,0.0000,0.0100,No
94,0.0043,0.0091,No
95,0.0071,0.0000,No
96,0.0000,0.0105,No
97,0.0000,0.0091,No
98,0.0000,0.0167,No
99,0.0000,0.0429,No
100,0.0000,0.0136,No
101,0.0000,0.0200,No
102,0.0071,0.0038,No
103,0.0000,0.0118,No
104,0.0000,0.0167,No
105,0.0000,0.0167,No
106,0.0000,0.0091,No
107,0.0000,0.0200,No
108,0.0000,0.0333,No
109,0.0000,0.0111,No
110,0.0000,0.0087,No
111,0.0062,0.0062,No
112,0.0000,0.0176,No
113,0.0000,0.0000,No
114,0.0000,0.0133,No
115,0.0071,0.0214,No
116,0.0000,0.0062,No
117,0.0000,0.0143,No
118,0.0000,0.0133,No
119,0.0000,0.0154,No
120,0.0000,0.0130,No
121,0.0000,0.0136,No
122,0.0000,0.0250,No
123,0.0000,0.0105,No
124,0.0000,0.0077,No
125,0.0000,0.0133,No
126,0.0000,0.0053,No
127,0.0000,0.0083,No
128,0.0000,0.0133,No
129,0.0000,0.0118,No
130,0.0000,0.0080,No
131,0.0050,0.0211,No
132,0.0000,0.0056,No
133,0.0000,0.0111,No
134,0.0000,0.0176,No
135,0.0000,0.0083,No
136,0.0000,0.0160,No
137,0.0000,0.0231,No
138,0.0000,0.0167,No
139,0.0000,0.0143,No
140,0.0000,0.0080,No
141,0.0125,0.0125,No
142,0.0000,0.0059,No
143,0.0000,0.0125,No
144,0.0000,0.0077,No
145,0.0000,0.0059,No
146,0.0043,0.0034,No
147,0.0111,0.0100,No
148,0.0000,0.0500,No
149,0.0000,0.0038,No
150,0.0000,0.0111,No
151,0.0000,0.0333,No
152,0.0000,0.0136,No
153,0.0000,0.0154,No
154,0.0000,0.0091,No
155,0.0000,0.0214,No
156,0.0000,0.0250,No
157,0.0000,0.0000,No
158,0.0000,0.0083,No
159,0.0000,0.0200,No
160,0.0045,0.0100,No
161,0.0111,0.0053,No
162,0.0000,0.0050,No
163,0.0000,0.0111,No
164,0.0000,0.0167,No
165,0.0000,0.0167,No
166,0.0062,0.0056,No
167,0.0000,0.0182,No
168,0.0000,0.0077,No
169,0.0045,0.0043,No
170,0.0071,0.0118,No
171,0.0000,0.0130,No
172,0.0056,0.0267,No
173,0.0000,0.0053,No
174,0.0071,0.0125,No
175,0.0000,0.0100,No
176,0.0000,0.0250,No
177,0.0063,0.0000,No
178,0.0000,0.0053,No
179,0.0000,0.0250,No
180,0.0000,0.0050,No
181,0.0000,0.0143,No
182,0.0000,0.0167,No
183,0.0000,0.0154,No
184,0.0000,0.0118,No
185,0.0053,0.0187,No
186,0.0000,0.0133,No
187,0.0000,0.0250,No
188,0.0000,0.0125,No
189,0.0000,0.0313,No
190,0.0000,0.0158,No
191,0.0000,0.0182,No
192,0.0000,0.0077,No
193,0.0000,0.0300,No
194,0.0067,0.0118,No
195,0.0000,0.0100,No
196,0.0000,0.0190,No
197,0.0000,0.0250,No
198,0.0000,0.0062,No
199,0.0000,0.0125,No
200,0.0000,0.0083,No
201,0.0043,0.0043,No
202,0.0000,0.0115,No
203,0.0071,0.0083,No
204,0.0000,0.0176,No
205,0.0042,0.0042,No
206,0.0000,0.0174,No
207,0.0000,0.0313,No
208,0.0000,0.0120,No
209,0.0000,0.0333,No
210,0.0000,0.0174,No
211,0.0000,0.0062,No
212,0.0000,0.0083,No
213,0.0000,0.0235,No
214,0.0000,0.0154,No
215,0.0000,0.0333,No
216,0.0000,0.0100,No
217,0.0083,0.0100,No
218,0.0000,0.0167,No
219,0.0000,0.0250,No
220,0.0000,0.0500,No
221,0.0000,0.0160,No
222,0.0000,0.0040,No
223,0.0038,0.0038,No
224,0.0000,0.0250,No
225,0.0000,0.0300,No
226,0.0000,0.0364,No
227,0.0000,0.0154,No
228,0.0000,0.0211,No
229,0.0053,0.0187,No
230,0.0059,0.0133,No
231,0.0000,0.0150,No
232,0.0000,0.0118,No
233,0.0067,0.0067,No
234,0.0000,0.0091,No
235,0.0000,0.0067,No
236,0.0000,0.0222,No
237,0.0067,0.0000,No
238,0.0091,0.0143,No
239,0.0000,0.0143,No
240,0.0000,0.0150,No
241,0.0000,0.0167,No
242,0.0000,0.0174,No
243,0.0000,0.0136,No
244,0.0000,0.0056,No
245,0.0000,0.0100,No
246,0.0000,0.0222,No
247,0.0000,0.0080,No
248,0.0000,0.0000,No
249,0.0000,0.0154,No
250,0.0000,0.0333,No
251,0.0000,0.0000,No
252,0.0000,0.0091,No
253,0.0000,0.0077,No
254,0.0000,0.0176,No
255,0.0000,0.0333,No
256,0.0077,0.0235,No
257,0.0043,0.0080,No
258,0.0000,0.0143,No
259,0.0000,0.0125,No
260,0.0000,0.0100,No
261,0.0000,0.0200,No
262,0.0111,0.0200,No
263,0.0000,0.0231,No
264,0.0000,0.0176,No
265,0.0000,0.0067,No
266,0.0000,0.0053,No
267,0.0000,0.0100,No
268,0.0000,0.0250,No
269,0.0000,0.0143,No
270,0.0000,0.0091,No
271,0.0000,0.0333,No
272,0.0000,0.0133,No
273,0.0000,0.0273,No
274,0.0000,0.0050,No
275,0.0000,0.0190,No
276,0.0000,0.0118,No
277,0.0042,0.0136,No
278,0.0000,0.0111,No
279,0.0000,0.0100,No
280,0.0071,0.0250,No
281,0.0000,0.0182,No
282,0.0000,0.0000,No
283,0.0043,0.0080,No
284,0.0000,0.0095,No
285,0.0000,0.0042,No
286,0.0000,0.0190,No
287,0.0000,0.0158,No
288,0.0042,0.0130,No
289,0.0000,0.0045,No
290,0.0000,0.0125,No
291,0.0043,0.0045,No
292,0.0000,0.0043,No
293,0.0062,0.0133,No
294,0.0000,0.0143,No
295,0.0000,0.0250,No
296,0.0182,0.0000,No
297,0.0000,0.0133,No
298,0.0000,0.0111,No
299,0.0000,0.0067,No
300,0.0000,0.0200,No
301,0.0053,0.0143,No
302,0.0000,0.0429,No
303,0.0000,0.0100,No
304,0.0000,0.0333,No
305,0.0000,0.0176,No
306,0.0000,0.0286,No
307,0.0042,0.0077,No
308,0.0000,0.0182,No
309,0.0000,0.0100,No
310,0.0000,0.0167,No
311,0.0000,0.0222,No
312,0.0040,0.0120,No
313,0.0063,0.0125,No
314,0.0037,0.0167,No
315,0.0077,0.0083,No
316,0.0000,0.0222,No
317,0.0000,0.0115,No
318,0.0000,0.0214,No
319,0.0045,0.0136,No
320,0.0083,0.0148,No
321,0.0000,0.0187,No
322,0.0000,0.0250,No
323,0.0077,0.0143,No
324,0.0087,0.0091,No
325,0.0045,0.0087,No
326,0.0000,0.0130,No
327,0.0000,0.0120,No
328,0.0000,0.0083,No
329,0.0000,0.0200,No
330,0.0038,0.0077,No
331,0.0000,0.0000,No
332,0.0000,0.0182,No
333,0.0053,0.0095,No
334,0.0000,0.0043,No
335,0.0000,0.0160,No
336,0.0000,0.0056,No
337,0.0000,0.0125,No
338,0.0000,0.0118,No
339,0.0000,0.0160,No
340,0.0056,0.0111,No
341,0.0000,0.0133,No
342,0.0000,0.0150,No
343,0.0045,0.0174,No
344,0.0000,0.0125,No
345,0.0000,0.0333,No
346,0.0000,0.0222,No
347,0.0000,0.0150,No
348,0.0053,0.0100,No
349,0.0000,0.0235,No
350,0.0000,0.0000,No
351,0.0000,0.0087,No
352,0.0000,0.0115,No
353,0.0000,0.0048,No
354,0.0000,0.0176,No
355,0.0000,0.0067,No
356,0.0077,0.0160,No
357,0.0000,0.0091,No
358,0.0000,0.0167,No
359,0.0000,0.0143,No
360,0.0000,0.0182,No
361,0.0000,0.0059,No
362,0.0000,0.0143,No
363,0.0000,0.0071,No
364,0.0000,0.0071,No
365,0.0000,0.0333,No
366,0.0000,0.0143,No
367,0.0000,0.0133,No
368,0.0000,0.0500,No
369,0.0053,0.0059,No
370,0.0043,0.0062,No
371,0.0000,0.0095,No
372,0.0000,0.0000,No
373,0.0000,0.0000,No
374,0.0000,0.0182,No
375,0.0000,0.0120,No
376,0.0000,0.0240,No
377,0.0000,0.0333,No
378,0.0000,0.0154,No
379,0.0100,0.0118,No
380,0.0000,0.0000,No
381,0.0000,0.0188,No
382,0.0037,0.0273,No
383,0.0000,0.0120,No
384,0.0000,0.0222,No
385,0.0000,0.0077,No
386,0.0000,0.0118,No
387,0.0000,0.0182,No
388,0.0000,0.0286,No
389,0.0000,0.0143,No
390,0.0000,0.0125,No
391,0.0000,0.0158,No
392,0.0000,0.0136,No
393,0.0053,0.0067,No
394,0.0000,0.0167,No
395,0.0059,0.0143,No
396,0.0000,0.0167,No
397,0.0000,0.0176,No
398,0.0077,0.0118,No
399,0.0000,0.0083,No
400,0.0048,0.0111,No
401,0.0000,0.0053,No
402,0.0000,0.0150,No
403,0.0000,0.0300,No
404,0.0000,0.0143,No
405,0.0000,0.0043,No
406,0.0000,0.0250,No
407,0.0000,0.0100,No
408,0.0056,0.0200,No
409,0.0071,0.0176,No
410,0.0000,0.0071,No
411,0.0045,0.0250,No
412,0.0000,0.0474,No
413,0.0000,0.0200,No
414,0.0111,0.1000,No
415,0.0067,0.0214,No
416,0.0000,0.0250,No
417,0.0000,0.0071,No
418,0.0000,0.0182,No
419,0.0000,0.0211,No
420,0.0071,0.0118,No
421,0.0000,0.0111,No
422,0.0000,0.0091,No
423,0.0038,0.0045,No
424,0.0000,0.0214,No
425,0.0000,0.0040,No
426,0.0000,0.0077,No
427,0.0000,0.0200,No
428,0.0000,0.0105,No
429,0.0000,0.0167,No
430,0.0000,0.0182,No
431,0.0100,0.0286,No
432,0.0000,0.0143,No
433,0.0000,0.0050,No
434,0.0000,0.0200,No
435,0.0000,0.0100,No
436,0.0000,0.0167,No
437,0.0083,0.0167,No
438,0.0000,0.0100,No
439,0.0000,0.0077,No
440,0.0000,0.0077,No
441,0.0000,0.0200,No
442,0.0000,0.0087,No
443,0.0000,0.0231,No
444,0.0000,0.0000,No
445,0.0000,0.0100,No
446,0.0071,0.0000,No
447,0.0059,0.0115,No
448,0.0053,0.0118,No
449,0.0000,0.0154,No
450,0.0000,0.0526,No
451,0.0000,0.0182,No
452,0.0000,0.0188,No
453,0.0000,0.0222,No
454,0.0000,0.0250,No
455,0.0000,0.0182,No
456,0.0000,0.0280,No
457,0.0000,0.0333,No
458,0.0048,0.0250,No
459,0.0050,0.0150,No
460,0.0056,0.0130,No
461,0.0000,0.0050,No
462,0.0000,0.0111,No
463,0.0000,0.0080,No
464,0.0000,0.0167,No
465,0.0000,0.0190,No
466,0.0118,0.0200,No
467,0.0000,0.0200,No
468,0.0000,0.0062,No
469,0.0048,0.0200,No
470,0.0000,0.0091,No
471,0.0000,0.0150,No
472,0.0000,0.0250,No
473,0.0045,0.0400,No
474,0.0000,0.0143,No
475,0.0000,0.0174,No
476,0.0000,0.0040,No
477,0.0077,0.0167,No
478,0.0000,0.0125,No
479,0.0000,0.0182,No
480,0.0000,0.0158,No
481,0.0000,0.0087,No
482,0.0000,0.0182,No
483,0.0000,0.0067,No
484,0.0000,0.0077,No
485,0.0000,0.0000,No
486,0.0000,0.0200,No
487,0.0000,0.0071,No
488,0.0038,0.0158,No
489,0.0136,0.0423,No
490,0.0111,0.0360,No
491,0.0053,0.0261,No
492,0.0043,0.0700,No
493,0.0000,0.0286,No
494,0.0050,0.0409,No
495,0.0050,0.0316,No
496,0.0000,0.0105,No
497,0.0067,0.0091,No
498,0.0000,0.0250,No
499,0.0000,0.0118,No
500,0.0125,0.0167,No
501,0.0000,0.0100,No
502,0.0000,0.0077,No
503,0.0000,0.0187,No
504,0.0000,0.0130,No
505,0.0000,0.0125,No
506,0.0083,0.0294,No
507,0.0000,0.0143,No
508,0.0091,0.0042,No
509,0.0000,0.0100,No
510,0.0000,0.0167,No
511,0.0000,0.0105,No
512,0.0000,0.0000,No
513,0.0000,0.0118,No
514,0.0000,0.0143,No
515,0.0000,0.0000,No
516,0.0056,0.0077,No
517,0.0077,0.0111,No
518,0.0000,0.0143,No
519,0.0000,0.0154,No
520,0.0000,0.0143,No
521,0.0000,0.0111,No
522,0.0000,0.0182,No
523,0.0000,0.0263,No
524,0.0077,0.0250,No
525,0.0000,0.0125,No
526,0.0000,0.0182,No
527,0.0083,0.0000,No
528,0.0000,0.0211,No
529,0.0000,0.0182,No
530,0.0000,0.0250,No
531,0.0000,0.0222,No
532,0.0000,0.0200,No
533,0.0091,0.0200,No
534,0.0050,0.0074,No
535,0.0000,0.0000,No
536,0.0000,0.0000,No
537,0.0083,0.0200,No
538,0.0000,0.0273,No
539,0.0000,0.0083,No
540,0.0000,0.0063,No
541,0.0000,0.0143,No
542,0.0000,0.0333,No
543,0.0133,0.0261,No
544,0.0000,0.0077,No
545,0.0100,0.0000,No
546,0.0000,0.0136,No
547,0.0000,0.0100,No
548,0.0125,0.0115,No
549,0.0000,0.0100,No
550,0.0059,0.0286,No
551,0.0000,0.0071,No
552,0.0045,0.0067,No
553,0.0000,0.0182,No
554,0.0000,0.0083,No
555,0.0000,0.0167,No
556,0.0000,0.0143,No
557,0.0000,0.0333,No
558,0.0000,0.0143,No
559,0.0000,0.0000,No
560,0.0000,0.0071,No
561,0.0067,0.0313,No
562,0.0000,0.0038,No
563,0.0000,0.0071,No
564,0.0000,0.0158,No
565,0.0000,0.0167,No
566,0.0038,0.0333,No
567,0.0000,0.0150,No
568,0.0000,0.0080,No
569,0.0091,0.0148,No
570,0.0062,0.0048,No
571,0.0000,0.0083,No
572,0.0000,0.0059,No
573,0.0000,0.0091,No
574,0.0000,0.0083,No
575,0.0071,0.0125,No
576,0.0000,0.0158,No
577,0.0000,0.0133,No
578,0.0000,0.0200,No
579,0.0000,0.0143,No
580,0.0000,0.0050,No
581,0.0000,0.0150,No
582,0.0067,0.0000,No
583,0.0000,0.0100,No
584,0.0000,0.0143,No
585,0.0071,0.0000,No
586,0.0000,0.0143,No
587,0.0000,0.0154,No
588,0.0000,0.0214,No
589,0.0000,0.0043,No
590,0.0000,0.0130,No
591,0.0000,0.0130,No
592,0.0000,0.0130,No
593,0.0000,0.0095,No
594,0.0000,0.0000,No
595,0.0000,0.0118,No
596,0.0000,0.0118,No
597,0.0000,0.0200,No
598,0.0000,0.0042,No
599,0.0000,0.0200,No
600,0.0000,0.0125,No
601,0.0000,0.0154,No
602,0.0000,0.0083,No
603,0.0100,0.0095,No
604,0.0000,0.0095,No
605,0.0000,0.0125,No
606,0.0000,0.0043,No
607,0.0000,0.0136,No
608,0.0042,0.0059,No
609,0.0000,0.0174,No
610,0.0000,0.0042,No
611,0.0000,0.0167,No
612,0.0000,0.0136,No
613,0.0000,0.0200,No
614,0.0000,0.0100,No
615,0.0000,0.0087,No
616,0.0000,0.0083,No
617,0.0000,0.0167,No
618,0.0000,0.0040,No
619,0.0000,0.0095,No
620,0.0000,0.0250,No
621,0.0000,0.0118,No
622,0.0000,0.0154,No
623,0.0000,0.0400,No
624,0.0000,0.0000,No
625,0.0000,0.0286,No
626,0.0000,0.0143,No
627,0.0000,0.0150,No
628,0.0000,0.0133,No
629,0.0000,0.0286,No
630,0.0000,0.0083,No
631,0.0000,0.0200,No
632,0.0125,0.0100,No
633,0.0000,0.0211,No
634,0.0000,0.0062,No
635,0.0053,0.0067,No
636,0.0000,0.0125,No
637,0.0053,0.0050,No
638,0.0059,0.0059,No
639,0.0000,0.0111,No
640,0.0000,0.0100,No
641,0.0000,0.0375,No
642,0.0000,0.0091,No
643,0.0000,0.0167,No
644,0.0000,0.0043,No
645,0.0000,0.0250,No
646,0.0000,0.0105,No
647,0.0059,0.0000,No
648,0.0045,0.0100,No
649,0.0000,0.0118,No
650,0.0043,0.0045,No
651,0.0000,0.0125,No
652,0.0000,0.0087,No
653,0.0040,0.0120,No
654,0.0000,0.0125,No
655,0.0000,0.0192,No
656,0.0000,0.0000,No
657,0.0000,0.0200,No
658,0.0000,0.0190,No
659,0.0000,0.0091,No
660,0.0000,0.0091,No
661,0.0000,0.0167,No
662,0.0059,0.0083,No
663,0.0000,0.0187,No
664,0.0000,0.0222,No
665,0.0000,0.0111,No
666,0.0000,0.0130,No
667,0.0087,0.0200,No
668,0.0000,0.0111,No
669,0.0000,0.0083,No
670,0.0000,0.0150,No
671,0.0000,0.0167,No
672,0.0080,0.0125,No
673,0.0000,0.0105,No
674,0.0000,0.0000,No
675,0.0000,0.0200,No
676,0.0091,0.0214,No
677,0.0000,0.0222,No
678,0.0083,0.0100,No
679,0.0000,0.0267,No
680,0.0059,0.0000,No
681,0.0000,0.0059,No
682,0.0000,0.0133,No
683,0.0000,0.0000,No
684,0.0000,0.0125,No
685,0.0000,0.0154,No
686,0.0000,0.0190,No
687,0.0000,0.0048,No
688,0.0000,0.0091,No
689,0.0000,0.0125,No
690,0.0000,0.0091,No
691,0.0000,0.0182,No
692,0.0000,0.0167,No
693,0.0000,0.0375,No
694,0.0000,0.0154,No
695,0.0133,0.0091,No
696,0.0000,0.0000,No
697,0.0043,0.0056,No
698,0.0105,0.0333,No
699,0.0000,0.0000,No
700,0.0000,0.0105,No
701,0.0000,0.0059,No
702,0.0000,0.0118,No
703,0.0000,0.0087,No
704,0.0000,0.0150,No
705,0.0077,0.0043,No
706,0.0000,0.0111,No
707,0.0000,0.0083,No
708,0.0000,0.0038,No
709,0.0133,0.0167,No
710,0.0062,0.0250,No
711,0.0000,0.0000,No
712,0.0000,0.0214,No
713,0.0000,0.0071,No
714,0.0000,0.0107,No
715,0.0000,0.0308,No
716,0.0000,0.0000,No
717,0.0000,0.0143,No
718,0.0000,0.0143,No
719,0.0000,0.0000,No
720,0.0000,0.0143,No
721,0.0000,0.0176,No
722,0.0000,0.0154,No
723,0.0250,0.0000,No
724,0.0000,0.0267,No
725,0.0000,0.0333,No
726,0.0000,0.0056,No
727,0.0050,0.0182,No
728,0.0063,0.0042,No
729,0.0000,0.0111,No
730,0.0000,0.0200,No
731,0.0000,0.0125,No
732,0.0000,0.0150,No
733,0.0000,0.0077,No
734,0.0000,0.0059,No
735,0.0000,0.0231,No
736,0.0071,0.0000,No
737,0.0000,0.0143,No
738,0.0125,0.0182,No
739,0.0000,0.0105,No
740,0.0000,0.0000,No
741,0.0000,0.0187,No
742,0.0083,0.0286,No
743,0.0000,0.0133,No
744,0.0000,0.0074,No
745,0.0000,0.0125,No
746,0.0048,0.0080,No
747,0.0000,0.0095,No
748,0.0000,0.0048,No
749,0.0000,0.0000,No
750,0.0000,0.0000,No
751,0.0125,0.0083,No
752,0.0100,0.0200,No
753,0.0000,0.0500,No
754,0.0158,0.0364,No
755,0.0250,0.0474,No
756,0.0000,0.0444,No
757,0.0000,0.0437,No
758,0.0040,0.0583,No
759,0.0038,0.0692,No
760,0.0100,0.0115,No
761,0.0000,0.0037,No
762,0.0000,0.0100,No
763,0.0000,0.0118,No
764,0.0000,0.0167,No
765,0.0053,0.0167,No
766,0.0000,0.0059,No
767,0.0062,0.0095,No
768,0.0000,0.0200,No
769,0.0000,0.0053,No
770,0.0000,0.0333,No
771,0.0100,0.0150,No
772,0.0045,0.0053,No
773,0.0000,0.0045,No
774,0.0000,0.0105,No
775,0.0000,0.0083,No
776,0.0000,0.0107,No
777,0.0000,0.0118,No
778,0.0000,0.0125,No
779,0.0000,0.0200,No
780,0.0000,0.0167,No
781,0.0000,0.0111,No
782,0.0000,0.0174,No
783,0.0043,0.0100,No
784,0.0056,0.0261,No
785,0.0000,0.0091,No
786,0.0000,0.0000,No
787,0.0000,0.0118,No
788,0.0000,0.0000,No
789,0.0000,0.0077,No
790,0.0000,0.0100,No
791,0.0000,0.0053,No
792,0.0000,0.0125,No
793,0.0111,0.0333,No
794,0.0000,0.0231,No
795,0.0000,0.0000,No
796,0.0000,0.0111,No
797,0.0000,0.0200,No
798,0.0000,0.0167,No
799,0.0000,0.0118,No
800,0.0000,0.0118,No
801,0.0000,0.0077,No
802,0.0062,0.0143,No
803,0.0000,0.0038,No
804,0.0000,0.0056,No
805,0.0250,0.0250,No
806,0.0000,0.0133,No
807,0.0000,0.0143,No
808,0.0000,0.0158,No
809,0.0000,0.0133,No
810,0.0000,0.0158,No
811,0.0000,0.0091,No
812,0.0000,0.0143,No
813,0.0000,0.0250,No
814,0.0048,0.0208,No
815,0.0000,0.0273,No
816,0.0000,0.0182,No
817,0.0000,0.0250,No
818,0.0000,0.0154,No
819,0.0000,0.0222,No
820,0.0000,0.0231,No
821,0.0000,0.0091,No
822,0.0000,0.0125,No
823,0.0000,0.0038,No
824,0.0000,0.0100,No
825,0.0038,0.0300,No
826,0.0067,0.0318,No
827,0.0048,0.0280,No
828,0.0000,0.0571,No
829,0.0000,0.0286,No
830,0.0000,0.0750,No
831,0.0000,0.0200,No
832,0.0000,0.0200,No
833,0.0143,0.0235,No
834,0.0000,0.0120,No
835,0.0000,0.0000,No
836,0.0000,0.0200,No
837,0.0000,0.0500,No
838,0.0042,0.0143,No
839,0.0000,0.0190,No
840,0.0000,0.0000,No
841,0.0000,0.0111,No
842,0.0000,0.0176,No
843,0.0143,0.0059,No
844,0.0000,0.0100,No
845,0.0000,0.0667,No
846,0.0000,0.0435,No
847,0.0074,0.0500,No
848,0.0143,0.0400,No
849,0.0000,0.0435,No
850,0.0000,0.0286,No
851,0.0000,0.0294,No
852,0.0125,0.0273,No
853,0.0000,0.0143,No
854,0.0000,0.0222,No
855,0.0000,0.0095,No
856,0.0000,0.0273,No
857,0.0000,0.0158,No
858,0.0000,0.0000,No
859,0.0250,0.0105,No
860,0.0071,0.0133,No
861,0.0000,0.0800,No
862,0.0000,0.0615,No
863,0.0000,0.0286,No
864,0.0050,0.0261,No
865,0.0059,0.0273,No
866,0.0080,0.0143,No
867,0.0000,0.0125,No
868,0.0000,0.0280,No
869,0.0071,0.0429,No
870,0.0000,0.0320,No
871,0.0000,0.0214,No
872,0.0000,0.0167,No
873,0.0000,0.0240,No
874,0.0059,0.0280,No
875,0.0000,0.0167,No
876,0.0087,0.0267,No
877,0.0111,0.0250,No
878,0.0000,0.0100,No
879,0.0000,0.0000,No
880,0.0091,0.0074,No
881,0.0062,0.0333,No
882,0.0040,0.0455,No
883,0.0043,0.0267,No
884,0.0000,0.0538,No
885,0.0000,0.0524,No
886,0.0087,0.0333,No
887,0.0000,0.0500,No
888,0.0000,0.0273,No
889,0.0000,0.0111,No
890,0.0000,0.0154,No
891,0.0000,0.0250,No
892,0.0000,0.0111,No
893,0.0000,0.0182,No
894,0.0000,0.0043,No
895,0.0000,0.0240,No
896,0.0000,0.0077,No
897,0.0000,0.0133,No
898,0.0000,0.0143,No
899,0.0143,0.0053,No
900,0.0000,0.0200,No
901,0.0000,0.0222,No
902,0.0000,0.0080,No
903,0.0000,0.0188,No
904,0.0000,0.0143,No
905,0.0000,0.0118,No
906,0.0000,0.0143,No
907,0.0000,0.0071,No
908,0.0000,0.0056,No
909,0.0000,0.0136,No
910,0.0000,0.0200,No
911,0.0000,0.0167,No
912,0.0000,0.0043,No
913,0.0000,0.0222,No
914,0.0059,0.0077,No
915,0.0000,0.0167,No
916,0.0000,0.0167,No
917,0.0000,0.0250,No
918,0.0000,0.0000,No
919,0.0000,0.0133,No
920,0.0045,0.0429,No
921,0.0000,0.0118,No
922,0.0000,0.0158,No
923,0.0000,0.0071,No
924,0.0000,0.0071,No
925,0.0000,0.0105,No
926,0.0000,0.0200,No
927,0.0000,0.0000,No
928,0.0000,0.0118,No
929,0.0000,0.0300,No
930,0.0000,0.0167,No
931,0.0000,0.0143,No
932,0.0000,0.0267,No
933,0.0000,0.0111,No
934,0.0000,0.0167,No
935,0.0000,0.0133,No
936,0.0056,0.0167,No
937,0.0000,0.0182,No
938,0.0000,0.0059,No
939,0.0000,0.0174,No
940,0.0059,0.0133,No
941,0.0000,0.0167,No
942,0.0000,0.0056,No
943,0.0000,0.0118,No
944,0.0200,0.0231,No
945,0.0000,0.0083,No
946,0.0000,0.0000,No
947,0.0083,0.0143,No
948,0.0071,0.0133,No
949,0.0000,0.0083,No
950,0.0000,0.0385,No
951,0.0000,0.0062,No
952,0.0000,0.0143,No
953,0.0000,0.0105,No
954,0.0000,0.0143,No
955,0.0000,0.0167,No
956,0.0000,0.0053,No
957,0.0037,0.0333,No
958,0.0000,0.0286,No
959,0.0000,0.0080,No
960,0.0000,0.0125,No
961,0.0000,0.0500,No
962,0.0000,0.0077,No
963,0.0000,0.0143,No
964,0.0000,0.0444,No
965,0.0000,0.0176,No
966,0.0095,0.0182,No
967,0.0000,0.0053,No
968,0.0000,0.0000,No
969,0.0000,0.0118,No
970,0.0000,0.0190,No
971,0.0000,0.0500,No
972,0.0083,0.0533,No
973,0.0000,0.0286,No
974,0.0000,0.0083,No
975,0.0000,0.0190,No
976,0.0048,0.0250,No
977,0.0000,0.0083,No
978,0.0000,0.0158,No
979,0.0000,0.0200,No
980,0.0000,0.0250,No
981,0.0000,0.0250,No
982,0.0000,0.0059,No
983,0.0053,0.0308,No
984,0.0000,0.0333,No
985,0.0050,0.0125,No
986,0.0000,0.0120,No
987,0.0000,0.0143,No
988,0.0048,0.0048,No
989,0.0042,0.0182,No
990,0.0118,0.0048,No
991,0.0000,0.0080,No
992,0.0000,0.0278,No
993,0.0042,0.0200,No
994,0.0048,0.0400,No
995,0.0067,0.0259,No
996,0.0077,0.0238,No
997,0.0077,0.0231,No
998,0.0000,0.0294,No
999,0.0000,0.0312,No
1000,0.0056,0.0150,No
1001,0.0000,0.0053,No
1002,0.0000,0.0211,No
1003,0.0000,0.0176,No
1004,0.0000,0.0059,No
1005,0.0000,0.0143,No
1006,0.0087,0.0091,No
1007,0.0053,0.0167,No
1008,0.0037,0.0045,No
1009,0.0000,0.0105,No
1010,0.0000,0.0259,No
1011,0.0050,0.0154,No
1012,0.0000,0.0192,No
1013,0.0143,0.0208,No
1014,0.0000,0.0529,No
1015,0.0000,0.0133,No
1016,0.0000,0.0063,No
1017,0.0000,0.0353,No
1018,0.0000,0.0333,No
1019,0.0077,0.0154,No
1020,0.0053,0.0176,No
1021,0.0059,0.0000,No
1022,0.0000,0.0105,No
1023,0.0000,0.0154,No
1024,0.0000,0.0190,No
1025,0.0000,0.0250,No
1026,0.0000,0.0263,No
1027,0.0000,0.0333,No
1028,0.0056,0.0250,No
1029,0.0000,0.0136,No
1030,0.0040,0.0000,No
1031,0.0000,0.0118,No
1032,0.0111,0.0231,No
1033,0.0000,0.0304,No
1034,0.0000,0.0056,No
1035,0.0000,0.0211,No
1036,0.0000,0.0200,No
1037,0.0037,0.0143,No
1038,0.0056,0.0300,No
1039,0.0000,0.0143,No
1040,0.0000,0.0067,No
1041,0.0056,0.0214,No
1042,0.0000,0.0111,No
1043,0.0000,0.0053,No
1044,0.0000,0.0042,No
1045,0.0000,0.0222,No
1046,0.0000,0.0091,No
1047,0.0000,0.0167,No
1048,0.0100,0.0400,No
1049,0.0118,0.0143,No
1050,0.0000,0.0000,No
1051,0.0000,0.0067,No
1052,0.0042,0.0333,No
1053,0.0000,0.0250,No
1054,0.0071,0.0217,No
1055,0.0000,0.0385,No
1056,0.0000,0.0077,No
1057,0.0042,0.0100,No
1058,0.0000,0.0300,No
1059,0.0045,0.0120,No
1060,0.0000,0.0111,No
1061,0.0000,0.0217,No
1062,0.0059,0.0150,No
1063,0.0000,0.0150,No
1064,0.0067,0.0133,No
1065,0.0000,0.0111,No
1066,0.0062,0.0125,No
1067,0.0000,0.0200,No
1068,0.0000,0.0400,No
1069,0.0000,0.0714,No
1070,0.0000,0.0500,No
1071,0.0050,0.0211,No
1072,0.0048,0.0333,No
1073,0.0000,0.0368,No
1074,0.0067,0.0182,No
1075,0.0000,0.0444,No
1076,0.0056,0.0250,No
1077,0.0045,0.0364,No
1078,0.0059,0.0294,No
1079,0.0059,0.0091,No
1080,0.0000,0.0118,No
1081,0.0040,0.0250,No
1082,0.0048,0.0250,No
1083,0.0000,0.0286,No
1084,0.0042,0.0182,No
1085,0.0000,0.0143,No
1086,0.0087,0.0346,No
1087,0.0200,0.0143,No
1088,0.0000,0.0150,No
1089,0.0045,0.0200,No
1090,0.0042,0.0444,No
1091,0.0000,0.0190,No
1092,0.0000,0.0160,No
1093,0.0000,0.0280,No
1094,0.0000,0.0250,No
1095,0.0000,0.0250,No
1096,0.0000,0.0250,No
1097,0.0000,0.0176,No
1098,0.0038,0.0143,No
1099,0.0000,0.0563,No
1100,0.0000,0.0154,No
1101,0.0050,0.0250,No
1102,0.0000,0.0050,No
1103,0.0125,0.0167,No
1104,0.0067,0.0167,No
1105,0.0000,0.0200,No
1106,0.0167,0.0118,No
1107,0.0000,0.0353,No
1108,0.0000,0.0167,No
1109,0.0000,0.0500,No
1110,0.0056,0.0308,No
1111,0.0000,0.0250,No
1112,0.0083,0.0176,No
1113,0.0000,0.0062,No
1114,0.0043,0.0286,No
1115,0.0043,0.0100,No
1116,0.0000,0.0143,No
1117,0.0042,0.0269,No
1118,0.0083,0.0118,No
1119,0.0000,0.0143,No
1120,0.0000,0.0045,No
1121,0.0000,0.0214,No
1122,0.0000,0.0312,No
1123,0.0000,0.0120,No
1124,0.0000,0.0100,No
1125,0.0040,0.0100,No
1126,0.0000,0.0150,No
1127,0.0000,0.0320,No
1128,0.0091,0.0174,No
1129,0.0062,0.0667,No
1130,0.0000,0.0182,No
1131,0.0000,0.0200,No
1132,0.0000,0.0056,No
1133,0.0000,0.0222,No
1134,0.0167,0.0111,No
1135,0.0000,0.0167,No
1136,0.0000,0.0250,No
1137,0.0000,0.0100,No
1138,0.0000,0.0250,No
1139,0.0000,0.0148,No
1140,0.0000,0.0222,No
1141,0.0067,0.0111,No
1142,0.0200,0.0250,No
1143,0.0000,0.0182,No
1144,0.0000,0.0154,No
1145,0.0000,0.0143,No
1146,0.0043,0.0222,No
1147,0.0000,0.0308,No
1148,0.0000,0.0115,No
1149,0.0053,0.0200,No
1150,0.0000,0.0190,No
1151,0.0000,0.0167,No
1152,0.0000,0.0100,No
1153,0.0056,0.0267,No
1154,0.0000,0.0200,No
1155,0.0000,0.0148,No
1156,0.0000,0.0211,No
1157,0.0000,0.0214,No
1158,0.0143,0.0143,No
1159,0.0000,0.0105,No
1160,0.0000,0.0167,No
1161,0.0000,0.0125,No
1162,0.0000,0.0000,No
1163,0.0042,0.0100,No
1164,0.0000,0.0111,No
1165,0.0000,0.0083,No
1166,0.0095,0.0179,No
1167,0.0053,0.0050,No
1168,0.0000,0.0316,No
1169,0.0000,0.0167,No
1170,0.0000,0.0182,No
1171,0.0000,0.0200,No
1172,0.0000,0.0125,No
1173,0.0071,0.0000,No
1174,0.0056,0.0231,No
1175,0.0000,0.0136,No
1176,0.0000,0.0250,No
1177,0.0000,0.0000,No
1178,0.0000,0.0133,No
1179,0.0000,0.0000,No
1180,0.0000,0.0214,No
1181,0.0000,0.0133,No
1182,0.0000,0.0273,No
1183,0.0000,0.0091,No
1184,0.0000,0.0185,No
1185,0.0000,0.0091,No
1186,0.0000,0.0333,No
1187,0.0000,0.0214,No
1188,0.0083,0.0222,No
1189,0.0048,0.0143,No
1190,0.0000,0.0136,No
1191,0.0050,0.0125,No
1192,0.0000,0.0174,No
1193,0.0000,0.0118,No
1194,0.0000,0.0118,No
1195,0.0000,0.0160,No
1196,0.0000,0.0071,No
1197,0.0000,0.0083,No
1198,0.0071,0.0263,No
1199,0.0000,0.0250,No
1200,0.0000,0.0125,No
1201,0.0063,0.0071,No
1202,0.0000,0.0125,No
1203,0.0067,0.0077,No
1204,0.0074,0.0053,No
1205,0.0042,0.0000,No
1206,0.0053,0.0267,No
1207,0.0067,0.0115,No
1208,0.0000,0.0080,No
1209,0.0000,0.0000,No
1210,0.0111,0.0154,No
1211,0.0000,0.0105,No
1212,0.0000,0.0222,No
1213,,0.0000,No
1214,,0.0043,No
1215,,0.0091,No