Test,Exact statistic (scipy),Exact p-value (scipy)
Rule-Based vs 1SGS win rate,0.8963,3.437768e-01
"Decision time per move (N_rule=20224, N_1SGS=20179)",177436867.0000,0.000000e+00
"Decision time per game (N_rule=1212, N_1SGS=1215)",105028.5000,0.000000e+00
Four-seat overall goodness-of-fit,1.2273,7.464709e-01
Rule-Based AI1 (seat0) vs Rule-Based AI2 (seat2),0.4609,4.971920e-01
1SGS AI1 (seat1) vs 1SGS AI2 (seat3),0.3719,5.419700e-01
Control seat bias: Rule-Based vs Rule-Based (control),6.0914,1.072493e-01
Control seat bias: 1SGS vs 1SGS (control),8.1724,4.258071e-02
Rule-Based AI v2 vs Rule-Based AI (original),12.3909,4.314276e-04
Rule-Based AI v2 vs 1SGS AI,22.7597,1.835756e-06
Turns: rule_vs_1SGS vs rule_vs_rule,764322.5000,2.618849e-01
Turns: rule_vs_1SGS vs 1SGS_vs_1SGS,777792.0000,7.978024e-02
Turns: rule_vs_rule vs 1SGS_vs_1SGS,764724.5000,5.411427e-01
AbsorbEvo: rule_vs_1SGS vs rule_vs_rule,759076.0000,3.956027e-01
AbsorbEvo: rule_vs_1SGS vs 1SGS_vs_1SGS,772104.5000,1.401141e-01
AbsorbEvo: rule_vs_rule vs 1SGS_vs_1SGS,764480.5000,5.372758e-01
